book_id,isbn13
1,9780439023480
2,9780439554930
3,9780316015840
4,9780061120080
5,9780743273560
6,9780525478810
7,9780618260300
8,9780316769170
9,9781416524790
10,9780679783270
11,9781594480000
12,9780062024040
15,9780553296980
16,9780307269750
17,9780439023500
18,9780439655480
20,9780439023510
21,9780439358070
22,9780316166680
23,9780439064870
24,9780439139600
25,9780545010220
26,9780307277670
27,9780439785970
28,9780140283330
29,9780743477120
30,9780297859380
31,9780399155340
32,9780142000670
33,9780739326220
34,9781612130290
36,9780385732550
37,9780060764890
38,9780965818670
39,9780553588480
40,9780143038410
41,9780786838650
42,9780451529300
43,9780142437210
45,9780770430080
46,9781565125600
47,9780375831000
49,9780316160190
50,9780060513030
51,9781416914280
52,9780316160210
53,9780375826700
54,9780345391800
55,9780060929880
56,9780316067930
57,9780142001740
58,9780142437180
59,9780064410940
60,9781400032720
61,9781594633670
62,9780679879240
63,9780393978900
64,9780743454540
65,9780385333850
66,9780446675540
67,9781594489500
68,9780671027350
69,9780007442910
70,9780812550700
72,9780450040180
73,9780316068050
74,9780142402510
75,9780140280100
76,9780141439660
77,9780439244190
78,9780307275550
79,9780143039950
80,9780156012200
81,9780743247540
82,9780385486800
83,9780141439600
85,9780060256650
86,9780385338610
87,9780374500020
88,9780142414930
89,9780345418260
90,9780140385720
91,9780385737940
92,9780061234000
93,9780517189600
94,9780060531040
95,9780375751520
96,9780345803500
97,9780393970130
98,9780307269980
99,9781612130580
100,9780060786500
101,9780349113910
102,9780099408390
103,9780140449270
104,9780307265430
105,9780007524270
106,
108,9780440241420
109,9780451525260
110,9780553381700
111,9780143037150
113,9780684833390
114,9780751529810
115,9780312422160
116,9780143039560
118,9780143038090
119,9780385490820
120,9780385729340
121,
122,9780060987110
123,9780582418270
125,9780521618750
127,9780316346630
128,9781451648540
129,9780451163970
130,9780684830490
131,9780142000660
132,9781401308580
133,9780451528830
134,9781416914300
135,9780553573430
136,9780060759960
137,9780440242950
138,9780142437260
139,9781594744760
140,9780307270000
141,9780804139020
142,9780451207140
143,9781476746590
144,9781400064170
145,9780671027380
146,9780316055440
148,9780452287020
149,9780525421030
150,9780312353770
151,9780786856860
152,9780446528050
153,9781416914300
154,9780743477110
155,9780618346260
156,9780312321180
157,9780394800160
158,9780142403880
159,9781423101470
160,9780192833590
162,
163,9781423113390
164,9781250012580
165,9780553582020
166,9780525423640
167,9780747263750
168,9780385199580
169,9780446547570
170,9780552151700
171,9780141439590
172,9780345803920
175,9780739380340
176,9780451169520
177,9780143058140
178,9780061148510
179,9780007205230
180,9780553208850
181,9780679745590
182,9780316042670
183,9781416975860
184,9780141301070
185,9780385534640
186,9780743227440
187,9780689865380
188,
189,9780618640160
190,9780307592740
191,9780930289230
192,9780756404080
193,9780316017920
194,9780142437250
197,9780441008540
199,9780739461200
200,9780312330870
201,9780385504220
202,9781416989420
203,
204,9781561797460
205,9780345476880
206,9780062059930
207,9780312362090
208,9781400052170
209,9780099446780
210,9781595141740
211,9780316010660
212,9780385721790
213,9780553213690
214,9780141382890
215,9780307887440
216,9781554681720
218,9780425263910
219,9780066238500
220,9780316043140
221,9781558743660
222,9780752864330
223,9780786817870
224,9780385738930
225,9780142000660
226,9780307341560
227,9780385339090
228,9780312291630
229,9780451527740
230,9780192802640
231,9780312370830
232,9780452284690
233,9781400034680
235,9780399159340
236,9780385494790
237,9781416524300
238,9780312422270
239,9780307346600
240,9780385537860
241,9780440227530
242,9780446692630
243,9780450417400
244,9780307341550
246,9780312360270
247,9780743269510
248,9780743477540
249,9780618711660
250,9780375869020
251,9780394800010
253,9780316206850
254,9780545123270
255,9780452011880
256,9780143038250
257,9780517223630
258,9780143034900
259,9780385738750
260,9780671723650
261,9780767900390
263,9780590920680
264,9780743297330
265,9780061120080
266,9780446677390
267,9780312577220
268,9781400078780
269,9780786890750
270,9781844080380
272,9780552995870
274,9780451205770
275,9780525476890
276,9780553803720
277,9780062255660
278,9780060513060
279,9780751565360
280,9780061726840
281,9780385339700
282,9780061139380
283,9780060853980
284,9780140042600
285,9781476729080
286,9780446579930
287,9780451191150
288,9780425172900
289,9780380395870
290,9780307886260
291,9780375414500
292,9780061125270
293,9780753453800
294,9781423140600
295,9781451627280
296,9780241003010
297,9780140285600
298,9780451528550
299,9780849946160
300,9780385751060
301,9781892295490
303,9781582701710
304,9780060987560
305,9781416524340
306,9780671021010
307,9780756404730
308,9780440241900
309,9781442403540
310,9780743418170
311,9780380018180
312,9780060530920
313,9781451681730
314,9780439709100
315,9780091883770
316,9780307279460
317,9780553279380
318,9780061950730
319,9781442416860
320,9780316204280
321,9780375806810
322,9780060557810
323,9780571224390
324,
325,9780552135400
326,9780316182550
327,9780399256750
328,9780743496730
330,9780812511820
331,9780061150140
332,9780060764910
333,9780595440090
334,9780425263910
335,9780375814240
336,9780446696620
337,9780345453750
338,9780340896970
339,9780060775860
340,9780061969550
341,9780140275360
342,9780316228530
343,9780385339700
344,9780316777740
345,9780375840400
346,9780140621680
347,9780007202300
348,
349,9780450031070
350,9780679785900
351,9781416975880
352,9780062268340
353,9780743477550
354,9781400033420
355,9780152063960
356,9780439206470
357,9780449213940
358,9780679805270
359,9781594631760
361,9780141439750
363,9780525423270
364,9780007173040
365,9781401207920
366,9780743223130
367,9780553384280
369,9780439488400
370,9781423113390
371,9780441788380
372,9780965904830
373,9780141311370
374,9780767908180
375,9780439227150
376,9780385738770
377,9780061142020
378,9780618485220
379,9780670022410
380,9780375704020
381,9780446672210
382,9780525421580
383,9780307276900
384,9781595141750
385,9780307352150
387,9780142437340
388,9780689840920
389,9780765311790
390,9780451528960
391,9780679889110
392,9780810993140
393,9781599906960
394,9781595141970
395,9780684803360
396,9780345505330
397,9780140120840
398,9780060838580
399,9780747599880
401,9780099910110
402,9780553212280
403,9781590302260
404,9780385344230
405,9780385334200
406,9780874774240
407,9780060838720
408,9780739467350
409,9780375508420
410,9780385474540
411,9780385338690
412,9781881273160
413,
414,9781416589650
415,9780312532760
416,9780590032490
417,9780743298020
418,9781595142500
419,9781595141990
420,9780446676080
421,9780345521310
422,9780545044260
423,9780062059960
424,9780156001310
425,9781416914630
426,9780802130200
427,9781580495810
428,9781423140600
429,9780060855920
430,9781400079280
431,9780525945570
432,9780553803710
433,9780451216950
434,9781416989430
435,9780061726810
436,9780679457310
437,9780670024780
438,9780141043760
439,9780553380160
440,9780525951650
441,9781439148500
443,9780670061050
444,9780525467560
445,9780062060560
446,9781420925530
447,9780375826730
448,9780310277000
449,9780312360280
450,9780451457810
451,9781593082640
452,9780399162410
453,9780802142850
454,9780060245860
455,9780312323870
456,9780822210890
458,9780385353300
459,9781476738020
460,9781406321340
461,9781416500190
462,9780140135150
463,9780385335970
464,
465,9780743495660
466,9780345368580
467,9781594489590
468,9780061120060
469,9780439321600
470,9780316322410
471,9780141439810
472,9780807014300
474,9780618680010
475,9780525422940
476,9780345915600
477,9780515141430
478,9780375757330
479,9780937832390
480,9780440238160
481,9780765346520
482,9781439153670
483,9780316769020
484,9780385720920
485,9780374528380
486,9780375822740
487,9780060541810
488,9780451933030
489,9780001000390
491,9780312379830
492,9780812550760
494,9781400031700
495,9780375725780
497,9780439228910
498,9780192833980
499,9780679735780
500,9780613371650
501,9781400034770
502,9781582406720
503,9780451458000
504,9781590525140
505,9780842342700
506,9780062059990
507,9780545265360
508,9780805063900
509,9780593053900
510,9780812517730
511,9780743477150
512,9780385074070
513,9780553256700
514,9780192835090
515,9780553381540
516,9780312283000
517,9780802798240
518,9780805072460
519,9780689865400
520,9780965341980
522,9780375507250
523,9780767902890
524,9781844137880
525,9780061978070
526,9780307277890
527,9781841493010
528,9780765305110
529,9780141439500
530,9780743482750
531,9780393320980
532,9781401207530
533,9780062409850
534,9780316143480
535,9780316134030
536,9781409151170
537,9781400069290
538,9780679751530
539,9781301949820
540,9780142437020
541,9780142406250
543,9781595143070
544,9780064400020
545,9780380002560
546,9780060589460
547,9780375759240
548,9780060887310
549,9780670241330
550,9781594200820
551,9780316176480
552,9780446696130
553,9780450574580
554,9780385336000
555,9780393315060
556,9780307348240
557,9780747560590
558,9780441012180
559,9780141439590
560,9780192840390
561,9780394820380
562,9780765326360
563,9781841493020
564,9780786851970
565,9780765316880
567,9780345525540
568,9781563893410
569,9780446617800
570,9781573225520
571,9780446696110
572,9780385721680
573,9780060574220
574,9780060899230
575,9780099244720
576,9780486266890
577,9780374480100
578,9782253147700
579,9780001713220
580,9780714833550
581,9780312642970
582,9780751532720
583,9781442426640
584,9780670020550
585,9781421501680
586,9780689875340
587,9780060529700
588,9780752863890
589,9780425266750
590,9780140439440
591,9780316013680
592,9780679760800
593,9780553383040
594,9780763616050
595,9780743253970
596,9780385339600
597,9780142437230
598,9780006480100
599,9780345418920
600,9780385739150
601,9780723247710
602,9780064405040
603,9780765316900
604,9780679746040
605,9780061173390
606,9780743278900
607,9781481426300
608,9780920668380
609,9781416524520
610,9780670025820
611,9780618391110
612,9780451210850
613,9780330449600
614,9780099428640
615,9780142501560
616,9780743275020
617,9780385523390
618,9780451528020
619,9780374275630
621,9780689841580
622,9780553813950
623,9781476754450
624,9780441014940
625,9780375706780
626,9780395389490
627,9780140544510
628,9780425134350
629,9780061124270
630,9780385349950
631,9780441013330
632,9780062085480
633,9780441783590
634,9780385342060
635,9781857993290
636,9780316134120
637,9780553278220
638,9780307592840
639,9780753454950
640,9780061015720
641,9780007202320
642,9780525950070
643,9780312360310
644,
645,9780060874160
646,9780140424390
647,9780312348650
648,9780375856110
649,9780307593310
650,9781840224020
651,9780060809250
654,9780374158460
655,9780142421710
656,9781423100030
657,9781416562600
658,9781841156740
659,9781921351430
660,9780060541840
661,9780689711730
662,9780618101370
663,9780060838650
664,9780679745660
665,9780345504970
666,9780060515200
667,9780670011940
668,9781594205710
669,9780553383800
670,9780451155760
671,9780646418440
672,9780425200450
673,9780307271080
674,9780446611080
675,9780451167800
676,9780425263920
677,9780307266310
678,9781616203210
679,9780590133370
680,9781585424340
681,9780060885370
682,9780765356150
683,9780446696140
684,9781423146730
685,9780061448770
686,9780446615860
687,9780743226720
688,9780330419120
689,9780061928120
690,9780307237700
691,9780743455960
692,9780312364080
693,9780345418980
694,9780312348670
695,9780316206880
696,9780345476880
697,9780062049800
698,9780374533570
699,9780760728500
700,9780743272490
701,9780151009980
703,9780671024240
704,9780786226740
705,9780451190760
706,9780140449070
707,9780060739490
708,9780060589290
709,9780316767730
710,9780316109700
711,9781416912040
713,9780399256770
714,9780743482770
715,9780435233080
716,9780446579930
717,9780545422900
718,
719,9780452287590
720,9781591164420
721,9781451666180
722,9780812513740
723,9781920769210
724,9780441015890
725,9780670032560
726,9780451188460
727,9780375408270
728,9780805047900
729,9780553283690
730,9780142000690
731,9780061007220
732,9780316125580
733,9780679764020
734,9780440174650
735,9780930289450
736,9780679732760
737,9780374105240
738,9780689862200
739,9780751514630
740,9780060529960
741,9780143035470
742,
743,9780380813810
744,9781577314810
745,9780399159020
747,9780064471830
748,9780441017160
749,9781439102760
750,9781620610080
751,9780345418910
752,9781619630630
753,9781932664090
754,9781416586290
755,9780061020680
756,9780373210080
757,9780671683900
758,9780393324820
759,9781595143170
760,9780765342410
761,9780385342020
762,9780340606510
763,9780452287070
764,9781416563690
765,9780345350690
766,9781563892270
767,9780345465080
768,9780380731860
769,9780553328260
770,9780198320270
771,9780307408850
772,9780140449140
773,9780743477570
774,9780312642980
775,9780066211310
776,9780714836260
777,9780767905180
778,9780451527880
779,9781400030650
780,9780836220890
781,9780689865400
782,9780543898080
783,9780312379830
784,9781401303270
785,9780425144370
786,9780060513090
787,9780061992700
788,9782020336470
789,9780553803720
790,9781878424500
791,9780743296430
792,9780394709310
793,9780744583270
794,9781476727650
795,9780140285670
796,
797,9781434768510
798,9780007173690
799,9780425188800
800,9780553213870
801,9780525951280
802,9780446563090
803,9781591826030
804,9780743482840
805,9781905654950
806,9780340829780
807,9780385351390
808,9780439813780
809,9780060776090
810,9781591169150
811,9780778316560
812,
813,9781250049380
814,9781905654580
815,9780375706680
817,9780064410340
818,9782226131900
819,9780691096120
820,9780571225380
821,9780446547660
822,9780224094150
823,9780312938990
824,9781580495940
825,9781400067110
826,9780143039100
827,
828,9780375714570
829,9781420925430
830,9780316084240
831,9780670010880
832,9780399151580
833,9780385339670
834,
835,9781569319000
836,9780812993300
837,9780307931890
838,9780312861870
839,9780743477570
840,9780440178000
841,9780451219370
842,9781619634440
843,9780345803570
844,9780689835680
845,9780545132050
846,9780151010260
847,9780140286270
848,9780345457370
849,9780060288140
850,9780374214910
851,9780743496320
852,
853,9780590452040
855,9780743482780
856,9780385732570
857,9780142401200
858,9780345539790
859,9780316033670
860,9780812474950
861,9781476712990
862,9780765326360
863,9780763600140
864,9780440221660
865,9780450042680
866,9781400064560
867,9780393328620
868,9780142402500
869,9781933372600
870,9780743270760
871,9780441018640
872,9780679720220
873,9780439206490
874,9781451621370
875,9780061214650
876,9780395150240
877,9780525457590
878,9780571212930
879,9781884365300
880,9780061662690
881,9780684853950
882,9780060748160
883,9781860498800
884,9781594747360
886,9780356500160
887,9780679732260
888,9780747532030
890,9780553803730
891,9780451458120
892,9780316204360
893,9781591169210
894,9780061020640
895,9781400078430
896,9780061124300
897,9781857231590
898,9780345419620
899,9781593081430
900,9780199291150
901,9780142001430
902,9780446612740
903,9780452281260
904,9781936305630
905,9780689707490
906,9781400068940
907,9780425227510
908,9780743496710
909,9781423140570
911,9780831727530
912,9780140255550
913,9780684818700
914,9780060510860
915,9788497597720
916,9780812971060
917,9780575079790
918,9780786851480
919,9780743225430
920,9781607747310
921,9780385755890
922,9780671011370
923,9780552562520
924,9780374203050
925,9780061120250
927,9780689865190
928,9780545424930
929,9780312865050
930,9781400062090
932,9780066620990
933,9780803734620
934,
935,9780439236200
936,9781416516930
937,9780440238610
938,9781480095530
939,9780062225440
941,9780312305060
942,9781623420020
943,9780316191300
944,9780451188460
945,9780385739160
946,9780385742890
947,9781444778520
948,9780375726410
949,9781857232100
950,9780803734970
952,9780385338710
953,9781416524530
954,9780316070520
955,9780440241810
957,9780545123280
958,76783609419
959,9780142437350
960,9780765302300
961,9780451529180
963,9780385339100
964,9780345538380
965,9781461091110
966,9780446350980
967,9780450524680
968,9780316001920
969,9780374292800
970,9780385743560
971,9781558580090
972,9780553213970
973,9780061583250
974,9780679740670
975,9780393322230
977,9780812970070
978,9780670023490
979,9780345544930
980,9780441013810
981,9780786838930
983,9780812993550
984,9780140424390
985,9780393072240
986,9781416524300
988,9780765325940
989,9780553266310
990,9780307463750
991,9780525951990
992,9780739352360
993,9780679644190
995,
996,9780312966100
997,9781576469230
998,9780375829130
999,9780425193790
1000,9780805094600
1002,9780399256780
1003,9782266079990
1004,9780525423290
1005,9780375703870
1006,9780062107060
1007,9781582346180
1008,9780061974560
1009,9781594488400
1010,9780836218050
1011,
1012,9781439152800
1014,9780330491240
1015,9780140282580
1016,9780553817060
1018,9780006480100
1019,9780345347950
1020,9780763625290
1021,9780060852560
1022,9781619630660
1023,9780812513750
1025,9780785263710
1026,9780385340400
1027,9781423146740
1028,9781250069800
1029,9781607066020
1030,9780316126690
1031,9780099285040
1032,9781590385810
1033,9780064407690
1034,9780451458440
1035,9780743264730
1036,9781476717490
1037,9780385339090
1038,9780140348930
1039,9781594743340
1040,9780316154700
1041,9780679642430
1042,9780671746730
1043,9780810994740
1044,9780804138150
1045,9780062285680
1046,9781594206280
1047,9780061992250
1048,9780393050320
1049,9780765350370
1051,9780312199430
1052,9780743296410
1053,9781416521500
1054,9780525423670
1055,9780099578510
1056,9781400049620
1057,9780440234750
1058,9781579126250
1059,9781416924980
1060,9781594201460
1061,9780440995780
1062,
1063,9780440241900
1064,9780141439620
1066,9781416968240
1067,9780312966970
1068,9781573225790
1069,9780060889580
1070,9780385339160
1071,9780312857070
1072,9780312554160
1073,9780141439840
1074,9781857988840
1075,9782266047420
1076,9780062414210
1077,9781563899420
1078,9780142000280
1079,9780446671000
1080,9780803736990
1081,9780525952920
1083,9780330418360
1084,9781406792390
1085,9788129104600
1086,9780425197550
1087,9780375836670
1088,9780141439660
1089,9780060855900
1090,9780385603100
1093,9780312650250
1094,9781583485100
1095,
1096,9780713998950
1097,9780800759490
1098,9781455520660
1099,9780679776190
1100,9780312995060
1101,9780743496740
1102,9780312423800
1103,9780446613350
1104,9781101946340
1107,9781416528630
1108,9780517092910
1109,9780316075800
1110,
1111,9780767905210
1112,9780553213170
1113,9780140047490
1114,9780140620190
1115,9781451629190
1116,
1117,9780752224410
1118,9780062014540
1119,9780812550280
1120,9780192840510
1121,9780679728760
1122,9781442426670
1123,9780751504380
1124,9780099437960
1125,9788129115300
1126,9781421508220
1127,9780451458930
1128,9780345484260
1130,
1131,9780141000180
1132,9780553116600
1133,9780771068710
1134,9781936305550
1135,9780192839990
1136,9781400063730
1137,9780141321320
1138,9780440236700
1139,
1140,9781423121300
1141,9780761169250
1142,9780060512800
1143,9781476730100
1144,9780060959040
1145,9780452282830
1146,9780060976260
1147,9780316077060
1148,9781594485760
1149,9780743454550
1150,9780330419640
1151,9780312976280
1152,9781401322790
1153,9780060590280
1154,9780393324820
1155,9780786818590
1156,9780446580500
1157,9780688014290
1158,9780553258480
1159,9780684844770
1160,9780394758280
1161,9780142000690
1162,9780446585030
1163,9780439272640
1165,2940016231920
1166,9780810970690
1167,9780679433130
1168,9781405204260
1169,9781620610110
1170,9780062085540
1171,9780812968970
1172,9781423104000
1173,9780385354290
1174,9780812998600
1175,9781582349910
1176,9780060584760
1177,9780099549340
1178,9780451528350
1179,9780340837950
1180,9780670021450
1181,9780330371230
1182,9781781162640
1183,9781612620240
1184,9780684801540
1186,9780811214050
1187,9781609450790
1188,9780307353140
1189,9780062515670
1190,9780670022690
1191,9780575077030
1192,9780399254120
1193,9780689818770
1194,9780810983920
1195,9780062065250
1196,9780440487620
1197,9780062237420
1198,9780385539260
1199,9781563899800
1200,9780765330420
1201,
1202,9780345452010
1203,9781442408920
1204,9780451528520
1205,
1206,9780061122100
1207,9781402726030
1208,9780450542890
1209,9781937044960
1210,9780553213140
1211,9780448405210
1212,9780399162090
1213,9780765304740
1214,9780679722760
1215,9780142401770
1216,9780312304360
1217,9780099471420
1218,9781581345280
1219,
1220,9781594634480
1221,9780440243760
1222,9780064400560
1223,9780380508560
1225,9780064408640
1226,9780312980150
1227,9780061662770
1228,9780451459400
1229,9780152802170
1230,9780575077880
1231,9780345494990
1232,9780312983860
1233,9780060566230
1234,9780446359400
1235,9780375508320
1236,9781400032820
1237,9780517222850
1238,9781932416640
1239,9781400034710
1240,9780582416390
1241,9780805093070
1242,9780307265750
1243,9780142406630
1244,9780670011100
1245,9780385339670
1246,9780553565690
1247,9780451194010
1248,9780375507780
1249,9780812550290
1250,9780140042530
1251,9781841497130
1252,9781400067560
1253,9780152058100
1255,9780679734770
1256,9780670018700
1257,9780061245080
1258,9780141318300
1259,9780060278250
1260,9780446612550
1261,9780751504580
1262,9780441104020
1263,9781841499890
1264,9781619636040
1265,9780679729780
1266,9780140501830
1267,9780747267640
1268,9780312554190
1269,9780385495230
1270,9780099448470
1271,9780670024860
1272,9781592402040
1273,9780060572970
1274,9780399231900
1275,9780752898480
1276,9780061996160
1277,9780310226060
1278,9780812577560
1279,9780440421700
1280,9780679729520
1281,9781594487360
1282,9780307265840
1284,9781416995560
1285,9780373210500
1286,9780439321620
1287,9780395401460
1288,9780451196710
1289,9780060566210
1290,9780385732540
1291,9780451412360
1292,9780385516490
1294,9780446579800
1295,9781301627450
1296,9780061015730
1297,9780316122380
1298,9780786836540
1299,9781842430220
1300,9780156031660
1301,9780385340540
1302,9781595143980
1303,9780671250680
1304,9780451459880
1305,9780807508530
1306,9780143123230
1307,9780091940740
1308,
1309,9780297854400
1310,9780676979340
1311,9780316601960
1312,9780140283300
1313,9780743464120
1314,9780785819110
1315,9781891830430
1316,9780061374230
1317,9780345439110
1319,9780679744400
1320,9781593082050
1321,9781569319020
1322,9780451450520
1323,9780060577320
1324,9780689848920
1326,9780307408860
1327,9780812504700
1328,9781439177720
1329,9780872863100
1330,9780733800850
1332,9780345418780
1333,9780743258070
1334,9780385343830
1335,9780778324330
1336,9780451222350
1337,9780060502940
1338,9780967686560
1339,9780451223300
1340,9780451460910
1341,9780345539820
1342,9780552154310
1343,9780061020700
1344,9780316078570
1345,9780062430880
1346,9780575077900
1347,9781476770380
1348,9780679800030
1349,9780393330470
1350,9780060590160
1351,9780316155600
1352,9780316080840
1353,9780312642980
1354,9780141439730
1355,9780545457830
1356,9780345503800
1357,9780486426750
1358,9780440241030
1359,9781423140570
1360,9781416552510
1361,9780330448440
1362,9780812575580
1363,9780451461030
1364,9780451529560
1365,9780618084750
1366,
1367,9780441627400
1368,9780552152980
1369,9780385323060
1370,9780618477940
1371,9780061353240
1372,9789770931550
1373,9780007148980
1374,9780765325950
1375,9781419701760
1376,9780810984910
1377,9780312990220
1378,9780060839790
1379,9780446696630
1380,9780141014080
1381,9780142001810
1382,9780345373950
1383,9780747571770
1384,9781573221120
1385,9781400065680
1386,9780385333140
1387,9780062003940
1388,9780385339680
1389,9781400032820
1390,9780312985350
1391,9780439554010
1392,9780743236010
1393,9780316926350
1394,9780451461410
1395,9780062306810
1396,9780786915740
1397,9780786849570
1398,9781416951180
1399,9780399244550
1400,9780670025600
1401,9781585421470
1402,9780670844880
1403,9780061147950
1404,9780679456730
1405,9780385528770
1406,9780312364120
1407,9780385339650
1408,9780316067590
1409,9788129113730
1410,9781579126280
1411,9780060837560
1412,9780316033660
1413,9781907411050
1414,9780446696520
1415,9780307887890
1416,9781595143180
1417,9780743290110
1418,9780345335460
1419,9780785136200
1420,9780671728690
1421,9781594481930
1422,9780439706410
1423,9780340640140
1424,9780515142240
1425,9780316123520
1426,9780060878060
1427,9780061147940
1428,9781419702240
1429,9780316033660
1430,9781416543010
1431,9781862301380
1432,9780140447580
1433,9781501132930
1434,9780553213290
1435,9780679736370
1436,9780440241910
1437,9780373210140
1438,9781576737330
1439,9780812983610
1440,9780786868730
1441,9781400043460
1442,9781922182100
1444,9780061177580
1445,9780375825450
1446,9780974320620
1447,9780670035380
1448,9780765354940
1449,9780380727510
1450,9780451461900
1451,9781607060760
1452,9781599900740
1453,9780553496640
1454,9780486282220
1455,9780062124260
1456,9781590388980
1457,9780140298480
1458,9780679763970
1459,9780446698470
1460,9780767903870
1461,9780192123090
1462,9780812992790
1463,9780345300780
1464,9780375714830
1465,9780449213440
1466,9780451171350
1468,9780786891080
1470,
1471,9780765326260
1472,9781595148030
1473,9780451222720
1474,9780062110830
1475,9789953267200
1476,9780064410140
1477,9780143037610
1478,9780064431440
1479,9780441012690
1480,9780689878560
1481,9780224085620
1483,9780451225860
1484,9780553288210
1485,9780446698870
1486,9780688120500
1487,9780743246990
1488,9780394800200
1489,9780060885400
1490,9781501100130
1491,9780061558240
1492,9780316184140
1493,9780060935470
1494,9781416553650
1495,9780060899200
1496,9780007119550
1497,9780152047380
1498,9780340818670
1500,9780375718950
1501,9780743246070
1502,9780316133980
1503,9781842430350
1504,9780399244580
1505,9781423157370
1506,9780060832810
1507,9781416560620
1509,9781844082930
1510,9780345501330
1511,9780756410440
1512,9780989794800
1513,9780451229850
1514,9780141001820
1515,9780743289690
1516,9781400063510
1517,9780345504980
1518,9780374529530
1519,9780553380960
1520,9780060893000
1521,9781580493890
1522,9781439138310
1523,9781442409060
1524,9780062300550
1525,9780312864590
1526,9781580495870
1527,9780544273000
1528,9780765348780
1530,9780440401580
1531,9780439771340
1532,9781439102720
1533,9780345419640
1534,9780446615620
1535,9780316155600
1536,9780812551470
1537,9780743272510
1538,9780385683420
1539,9780385542360
1540,9780786838940
1541,9780373210180
1542,9780988393510
1543,9780385535140
1544,9780143036370
1545,9780525444440
1546,9780316075560
1547,9780143036690
1549,9780064410120
1550,9781423116390
1551,9781250121000
1552,9780345348100
1553,9780425201400
1554,9780786818620
1555,9780553214320
1556,9781620610090
1557,9781934781630
1558,9781416971700
1559,
1560,9781453688940
1561,9780679774390
1562,9781476791460
1564,9780099303750
1566,9780142437800
1567,9780385720110
1568,
1569,9781416935860
1570,9780553380640
1571,9780802140180
1572,9781563892260
1573,9780385337940
1574,9780441007320
1575,9780142412140
1576,9781439192570
1577,9780805095160
1578,9780553582920
1580,9781406914830
1581,9780375760370
1582,9780413757100
1583,9780375835320
1585,9780545259090
1586,9781573226520
1587,9780143145550
1588,9780575096580
1589,9781416524360
1590,9780192750970
1591,9781416509650
1592,9780099556310
1593,9780553564940
1594,9780312987860
1595,9780316548180
1597,9780345410050
1598,9780752865330
1599,9780312364430
1600,9780515128640
1601,9780553804910
1602,9780451463170
1603,9780670674240
1604,9781416903570
1605,9780140436590
1606,9780312936230
1607,9780446690450
1608,9780061985840
1609,9780316087380
1610,9780061257090
1611,9781590387430
1612,9781455806850
1613,9780307269200
1614,9781416995590
1615,9780307268200
1616,9780142401650
1617,9781590860620
1618,9780842377510
1619,9780316132910
1620,9780575076820
1621,9781594488850
1622,9781416534730
1623,9781563894700
1624,9780811201890
1625,9780785268830
1626,9781606410420
1627,9780312349490
1628,
1629,9780689845370
1630,9780451462560
1631,9780140439080
1633,9780963192550
1634,9780385733590
1635,9780689832130
1636,9780441015660
1637,9780765328660
1638,9781423321680
1639,9780380714760
1640,9781565125960
1641,9780380729400
1642,9781400033420
1643,9780394298660
1644,9780802139250
1645,9780385517870
1646,9780812565960
1647,
1648,9780307021340
1649,9780440235590
1650,9781587263900
1651,
1652,9781423100060
1653,9780441014740
1654,9780451464410
1655,9780399154100
1656,9780312330870
1657,9780316921180
1658,
1659,9780812967130
1660,9780062041260
1661,9780061922310
1662,9780375822070
1663,9789504915250
1664,9780141183530
1665,
1666,9781903436580
1667,9780670012950
1668,9781627792130
1669,9780060541440
1670,9780849900420
1671,9781250049550
1672,9780812973010
1673,
1674,9780007423290
1675,9780385265710
1676,9780385333870
1677,9780060872980
1678,9780689852240
1679,9781416523710
1680,9780749935340
1681,9780143039620
1682,9780434020800
1684,9780451205360
1685,9780743418710
1686,9780345403960
1687,9780575070710
1688,9781400067700
1689,9780553805480
1690,9780451463790
1691,9781580495770
1692,9781416947400
1693,9780345468640
1694,9780312349490
1695,9780451529760
1696,9780451219950
1697,9780785264700
1698,9780785121440
1699,
1700,9780670026630
1701,9780806527280
1702,
1703,9780099448570
1704,9780385334140
1705,9780061241900
1706,9780451526760
1707,9780440416790
1708,9781594633120
1709,9780553588260
1710,9780767919390
1711,9780060555960
1712,9780312948560
1713,9780099489990
1714,9780143038110
1715,9781847241700
1716,9780061974590
1717,9781593080650
1718,9780385731060
1719,9780425181100
1720,9781416990660
1721,9781586608290
1722,9780060012380
1723,9780385344430
1724,9780399254830
1725,
1726,9781904442490
1727,9780671742520
1728,9780804179030
1729,
1730,9780804137260
1731,9780345503820
1732,9780007151660
1733,9780385339600
1734,9780786706210
1735,9780060525120
1736,9781101904220
1737,9780062310670
1738,9780385737420
1739,9780553381340
1741,9780553119220
1742,9780689862230
1743,9780805094600
1745,9781416971730
1750,9780671035980
1751,9780515114690
1752,9780060921150
1753,
1754,9781416997860
1755,9780006479670
1756,9783822858650
1757,9780345416260
1758,9780679776820
1759,9780812576400
1760,9781606412380
1761,9781594202290
1763,9780446613360
1764,9781423108370
1765,9780590442980
1766,9780803734740
1767,9780803734950
1768,9780061020670
1769,9781301347940
1770,9780062200570
1771,9780140434740
1772,9780965476030
1773,
1774,9780064410140
1775,9788424133500
1776,9780983212550
1777,9780961454740
1778,9780060085900
1779,9780452286030
1780,9780312624680
1781,9781844280130
1782,9780545424940
1783,9780141439630
1784,9780486290720
1785,9780486298570
1787,
1788,9780836204380
1789,9780142401750
1791,9781596912850
1792,9781400044160
1793,9780345498330
1794,9780385523230
1795,9780451197960
1796,9780312424400
1797,9780060913080
1798,9780525953100
1799,9781423121310
1800,9788498000830
1801,9781857231520
1802,9780099297700
1803,9780061140980
1804,9780060586130
1805,9781416974530
1806,9780743466520
1807,9780545224900
1808,9780345539850
1809,9780441005760
1810,9781250077000
1811,9780312986350
1812,9780553564940
1813,9781405910220
1814,9781439164630
1815,9780671662350
1816,9780765317000
1817,9780307209610
1818,9780061245090
1819,9780060890680
1820,9780061449060
1821,9780312349520
1822,9788129118810
1823,9780007174160
1824,9780060887340
1825,9780440800460
1826,9780446364800
1827,9781405206130
1828,9781569319480
1829,9780451219430
1830,9780312532760
1831,9780446573000
1832,9780446402390
1834,9780425260940
1835,9780060527990
1836,9781933718000
1837,
1838,9780440339340
1839,9780307395990
1840,9780312979970
1841,9780316014780
1842,9780743418740
1843,9780812972350
1844,9781401307460
1845,9783442723430
1846,9780425273870
1847,9780099427860
1848,9780316056630
1849,9780142422950
1850,9781416953580
1851,9781439107960
1852,9781416940910
1853,9780307278490
1854,9780312539560
1855,9781878424110
1856,9780312315960
1857,9780689878560
1858,9780446614830
1859,9780385480020
1860,9780805092520
1861,9780312590440
1863,9780689878570
1864,9780425106880
1865,9788176210780
1867,
1869,9780152045660
1870,9780515130970
1871,9780425205820
1872,9780553589180
1873,9780007149830
1874,9780345528670
1875,9780439598380
1876,9780593065710
1877,9780205313430
1878,9780140620610
1879,9780743294290
1880,9780786939530
1881,9781568650550
1882,9780307595870
1883,9781590172000
1884,9781401308210
1885,9780743484860
1886,9781563892620
1887,9780451528930
1888,9780374525640
1889,9781841496860
1890,9781595143200
1891,9780385341650
1892,9780316010700
1893,9780345544120
1894,9780812984280
1895,9781563892260
1896,9780689849110
1897,9781558745160
1898,9781490904380
1899,9781439102760
1900,9780450610100
1901,9780385341680
1902,9780385517840
1903,9780547887200
1905,
1906,9780802720860
1907,9781595406550
1908,9780679781490
1909,9780393065790
1910,9780812972150
1911,9780670021870
1912,9780802122550
1913,9780060090390
1914,9780586008360
1915,9780099448760
1916,9780380709240
1917,9780575090860
1918,9780736693420
1919,9780375866590
1920,9780316074320
1921,9780060244060
1922,9780553588260
1923,9780316779420
1924,9780552152950
1925,9781581345280
1927,9780380003210
1928,9780143037740
1929,9780446691090
1930,9780749932770
1931,9780345335710
1932,9780451233160
1933,9789953718060
1934,9781401323820
1935,
1936,9780345469010
1937,9780007157150
1938,9780142404130
1939,9780060266870
1940,9780684853150
1941,9781400067890
1942,9780805093290
1943,9780385536970
1944,9780385733410
1945,9780385339160
1946,9780385341640
1947,
1950,9781593070950
1951,
1952,9781423160920
1953,9780140439240
1954,9780143039980
1955,9780684856480
1956,9780060885430
1958,9781905654870
1959,9780312383280
1960,9780061177590
1961,9780451200820
1962,9780441018190
1963,9780752858490
1964,9780006486020
1965,9780399167840
1966,9780515126780
1967,9780140449330
1968,9780786849080
1969,9780143036560
1970,9780679735910
1971,9781423102280
1972,9780425143320
1973,9781566195770
1974,9780671685640
1975,9780064410150
1976,9780767903820
1977,9780064410170
1978,9780143035750
1979,9781937007880
1980,9780007127740
1981,
1982,9780374104090
1983,
1984,9780060775830
1985,9780553805380
1986,9780385517230
1987,9780452277760
1989,9780812551500
1990,9781590514630
1991,9781857231380
1992,9780671646780
1993,9780345434810
1994,
1995,9780006479900
1996,9780140382620
1997,9780547628350
1999,9780802131780
2000,9780060393500
2001,9780061997820
2002,9781600964340
2004,9780142000700
2005,9781451617470
2006,9780553804690
2007,9781903434770
2008,9781444778530
2009,9780553804800
2010,9780451208640
2011,9780385517880
2012,9780446692660
2013,9781400076190
2014,9780345466600
2015,9780446364490
2016,9780593057060
2017,9780385735290
2018,9780805090030
2019,9780545060390
2020,9780028610110
2021,9780316003730
2022,9780486234110
2023,9780743453260
2024,9780679720220
2025,9781842430250
2026,9780375757850
2027,9780088619450
2029,9780224081180
2031,9780751530480
2032,9780618062420
2033,
2034,9780060735420
2036,9781592858490
2038,9781423102270
2039,9780670175920
2040,
2041,9780743289410
2042,9781451695200
2043,9780061092190
2044,9780743291480
2047,9780553381660
2048,9780525953490
2049,9780192750980
2050,9781416974510
2051,9780375713350
2052,9780156027650
2053,9780156004800
2054,9780553375930
2055,9780525950130
2056,9781841492610
2058,9781501115070
2059,9781416595180
2060,9781592407330
2061,9780316243920
2062,9781573229720
2063,9780679731150
2064,9780763625890
2065,9780670022810
2066,9780345298350
2068,9780439771280
2069,9780060851990
2070,9781419705850
2071,9781405258210
2072,9781416903540
2073,9780006472610
2074,9780425201440
2075,9780060845540
2076,9780141026280
2077,9780061345660
2078,9780723258050
2079,9780099771810
2080,9781594634710
2081,9780451464390
2082,
2083,9780373772470
2084,9780061474100
2085,9780060852570
2086,9780552154280
2087,9780345435160
2088,9781451661510
2089,9780552992090
2090,9780425204660
2091,9780515136290
2092,9781416950060
2094,9780307932240
2095,9780007158510
2097,9783518367060
2098,9780385333470
2099,9781421505860
2100,
2101,9780439249550
2102,9781597801580
2103,9780140436070
2104,9780525425630
2105,9780441014900
2106,
2107,9781400096280
2108,9780140446750
2109,9780061020670
2110,9781932664130
2111,9781401204260
2112,9781442426730
2113,9781455559820
2114,9781565125700
2115,9780871137390
2116,9780765376460
2117,9780385513530
2118,9780385743590
2119,9781841493140
2120,9780385905170
2121,9780385340590
2122,9780439324600
2123,9780224064900
2124,9781400033840
2125,9780805080480
2126,9780441016150
2127,9780689829540
2128,9780375705850
2129,9781560974280
2130,9781250006320
2131,9780451529700
2132,9780884271790
2133,9780670021050
2134,9780061284400
2135,9780385340560
2136,9780452286540
2137,9780385539710
2138,9780739377730
2140,9781841499900
2141,9781452440030
2142,9780147712550
2143,9781563893310
2144,9780061120660
2145,9781573227890
2146,9780316201580
2147,9781400063970
2148,9780064407310
2149,9780345529050
2150,9780743493920
2152,9780060887380
2153,9781939045010
2154,9780345522470
2155,9780743211380
2156,9780553560730
2157,9781558611580
2159,9780515121840
2160,9780316079910
2161,9781442435000
2162,9780446573640
2164,9780399244570
2165,9780061240850
2166,9780804139300
2167,9781619636070
2168,9781593080330
2169,9780804188980
2170,9780380789020
2172,9780385333500
2174,9780671869200
2175,9780143034760
2176,9780807218730
2177,9780140448080
2178,
2179,9780062392180
2181,9780312367480
2182,9781416974500
2183,9781451533960
2184,9780446608820
2185,
2186,9780802136830
2187,9780140185850
2188,9780571171780
2189,9780765354070
2190,9780743261950
2191,
2192,9780060987530
2193,9783426615360
2194,9781442468350
2195,9781905294720
2196,9780553293390
2197,9780486452430
2198,9780345335650
2199,9780374529540
2200,9780545060510
2201,9780061668040
2202,9780316910330
2203,9780553271980
2204,9781400067690
2205,
2208,9781301716720
2209,9780517053610
2210,9780061054880
2211,9781400031570
2212,9780385528050
2213,9780425192030
2214,9781570425780
2215,9780142408800
2216,9780735221090
2217,9780061996180
2218,9780316246620
2219,9780765340740
2221,9781616149990
2222,9781595547160
2223,9780140273340
2224,9780425201370
2225,9780978970760
2226,9780345409460
2227,9781906427140
2228,
2229,9781573225120
2230,9780805080490
2231,9780525949700
2232,9780062294370
2233,9780312426810
2234,9781400065750
2235,9781579126250
2236,9780310902710
2237,9780451235850
2238,9780380800830
2239,9780786930710
2240,9780375508330
2242,9780425184230
2244,9781607066930
2245,9780440241010
2247,9780375701210
2248,9780805096670
2250,9780767919360
2251,9780312595680
2252,9780006551810
2253,9781400032050
2254,9781250060560
2255,9780679763310
2256,9781591451880
2257,9780451218600
2259,9780156032970
2261,9781594831120
2262,9780330493740
2263,9781595551380
2264,9780345527710
2265,9780061449090
2266,9780875093670
2267,9780373210370
2268,9780142004330
2269,9780586217830
2270,9780385729370
2271,9780552153260
2272,9780307594780
2273,
2274,9781842430350
2275,9780061583220
2276,
2277,9780316159790
2278,9780064472780
2279,9780380713810
2280,9780375832990
2281,9780061941020
2282,9780316002900
2283,9780312656260
2284,9780802142820
2285,9780586066880
2286,9780812969900
2287,9780061583070
2288,9780375759000
2289,9780064404780
2290,9780316069910
2291,9780060577360
2292,9786140105230
2293,9780062026480
2294,9780312650090
2295,9780802714630
2296,9780751530490
2297,9780553213480
2298,9780684818860
2299,9780553582470
2300,9781600102370
2302,9780446363260
2303,9780425205680
2304,9780684843780
2305,9780670023320
2306,9780060572990
2307,9781400068330
2308,9780393337130
2309,9780007246230
2310,9780785289080
2311,9780316058440
2312,9780765340050
2313,
2314,9780679732270
2315,9780064408680
2316,9780812993810
2317,9780312593550
2318,9780671015210
2319,9781423116390
2320,9780743244590
2321,9780060920080
2322,9781400067120
2323,9780446607210
2324,9780060885410
2325,9780061053570
2326,9780440228900
2327,9780787960760
2328,9780142003170
2329,9780140157350
2330,
2331,9781501110340
2332,
2333,
2334,9781408816040
2335,9781501139890
2336,9780140449180
2337,9780143039840
2338,9780439120420
2339,9780316766940
2340,9780446617680
2341,9780425209070
2342,9780140449240
2343,9780440228000
2344,9780876852640
2345,9780373210510
2346,9780446546940
2347,9780099471430
2348,
2349,9780525953720
2350,9781594487020
2351,9780684193950
2352,9780451191010
2353,9781563890350
2354,9780316013930
2355,9781416500350
2356,9781622660760
2357,9780375760400
2358,9780316123530
2359,9781439152780
2360,9780751554150
2361,9780439295790
2362,9780306814260
2364,
2365,9781594561860
2366,9780140447900
2367,9780452274430
2368,9780743203630
2369,9780983157200
2370,9781582404110
2371,9780451217610
2372,9780399159370
2373,9780380820890
2374,9780140169300
2376,9780142501110
2377,9780062072060
2379,9781594481960
2380,9780811216010
2381,9780316002870
2382,9780553582450
2383,9780446614450
2385,9780756402690
2386,9782844140590
2387,9781589190630
2388,9780446563050
2389,9780142405790
2391,9780545060420
2392,9780689867040
2393,9780515133320
2394,9780061140980
2395,
2396,9780062197270
2397,9780140079070
2398,9780446605490
2399,9780765344300
2400,9780060765250
2401,9780525953500
2402,9780060887390
2403,9780141441160
2404,
2405,9780515141660
2406,9780553381640
2407,9780441016390
2408,9780380017610
2410,9780062085610
2411,9780316952670
2412,
2413,9780060887190
2414,9780887307290
2415,9781416928170
2416,9780786939830
2417,9781250006330
2418,9780525952480
2419,9780517405090
2420,9781423121660
2421,9780676979790
2422,9781501129740
2423,9780060590310
2424,9780743298860
2425,9781400030030
2426,9781569714030
2427,9780545060490
2428,9781423128200
2429,9780440241000
2430,9780425212900
2431,9788203180730
2432,9780515143800
2433,9780425185510
2434,9781591162210
2435,9781402262270
2436,9780060730550
2437,
2439,9781932073200
2440,9780312270830
2442,9780060753950
2443,
2444,9780618620110
2445,9780553381530
2446,9780394805760
2447,9780385735340
2448,9780441017690
2449,9780385343660
2451,9780375714660
2452,9780061020650
2453,9780586064180
2454,9780385613460
2455,9780670021660
2456,9780142401770
2457,9780062285640
2458,9780765344310
2459,9780375413410
2460,9781421540320
2461,9780765315240
2463,9780545284130
2465,9781400077430
2466,9780156948780
2467,9780590319680
2468,9780146000120
2469,9780552153160
2470,9780552152680
2471,9780345481280
2472,9780689859370
2474,9780140280200
2475,9780142401120
2476,9780749080980
2477,9780545135700
2478,9780451159530
2479,9781560252480
2480,9780061284200
2481,9780805066690
2482,9780575067080
2483,9780425267040
2485,9780671741040
2486,9780307271040
2487,9780345459400
2488,9781599903380
2489,9780061020610
2490,9780140437690
2491,9780441328000
2492,9780515090250
2493,9780441015280
2494,9780385671100
2495,9780439443820
2497,9780752809440
2498,9780142001620
2499,9780375758510
2500,9780061977960
2501,9780575066890
2502,
2503,9780593061730
2504,9781593072930
2505,9780553277580
2506,9780142002020
2508,9780452283860
2509,
2510,9781416563720
2511,9780425233380
2512,9780007169920
2513,9780345470640
2514,9780785123120
2515,9780743270370
2516,9780307959940
2517,9780743442530
2518,9780441013400
2519,9780446676430
2520,9784103534230
2521,9780722534880
2522,9780385336700
2524,9780143036660
2525,9780307749600
2526,9781401209150
2527,9781780484260
2528,9780425259860
2529,9780312590970
2530,9781101990260
2531,9780545060460
2532,9780062248170
2533,9780374384680
2534,9780679766760
2535,9781609451350
2536,9780345413970
2537,9780759530010
2538,9781451645830
2539,9780446611770
2540,9781596431520
2542,9780991686000
2543,9781400065460
2544,9780486282080
2545,9780312984830
2547,9780446611210
2548,9780671791540
2549,9780515134450
2550,9780515134480
2552,9780385333790
2553,9780812967260
2554,
2555,9780807083700
2556,9780060885430
2557,9780310247460
2558,9780545424970
2559,9780099399020
2560,9780785274320
2561,9780385491020
2562,
2564,9781841492060
2565,9780545027890
2566,9780446519140
2567,9781442429990
2568,9780316014790
2569,9780143104890
2570,9780385528790
2571,9780060264800
2572,9780812971420
2573,9780099481680
2574,9780446613450
2575,9780312577210
2576,9781476731540
2577,9780385730300
2578,9780375702710
2580,9781455520620
2581,9780385342050
2584,9780156262250
2585,9781427814040
2586,9781551924010
2587,9780805094620
2588,
2590,9780307949320
2591,9780440244160
2592,9780451203270
2593,9780061284400
2594,9780606298230
2595,9780440060670
2596,9780316069490
2597,9780380731500
2598,9780307713540
2599,9780061974620
2600,9780141439780
2601,9780141962820
2602,9780099478540
2603,9780425169700
2605,9780515134510
2606,9780345503820
2608,9780689878590
2609,9780345524260
2611,9780552552650
2612,9780060786530
2613,
2614,9781841497980
2616,9780425198680
2617,9780062267530
2618,9780761104840
2619,9780060577380
2620,9780141311400
2621,9780385496090
2622,9781416548000
2623,9781416903440
2624,
2625,9781859855420
2626,9780399171610
2627,9780307267150
2628,9780316127260
2629,9781408852590
2630,9781400064760
2631,9780441014350
2632,9780449912550
2633,9780743422440
2634,9781477823840
2635,9780061728980
2636,9780385526260
2637,9780143039980
2638,9781591451880
2639,9780316166290
2640,9780553560720
2641,9780385344340
2642,9780060575810
2643,9780060929790
2644,9780446678450
2645,9780765305240
2646,9780553587580
2647,9780553384150
2648,9780525444470
2649,9780807059100
2650,9780425179610
2651,9780743477890
2652,9780224097000
2654,9781560760470
2655,9780785135810
2656,9781421527550
2657,9780553580230
2658,9780552152940
2659,2940011444940
2660,9781585425650
2661,9780393064640
2662,9780451222380
2663,9780553418770
2664,9780224097380
2665,
2666,9780006479760
2667,9780310321910
2668,9780747545260
2669,9780006498860
2670,9781560254550
2671,9780099498600
2672,9781502784280
2673,9780425170340
2674,9780060515220
2675,9780749942010
2676,9780765377070
2677,9780061031330
2678,9781401201910
2679,9780385721420
2680,9780743255070
2681,9780525950490
2682,9781937007480
2683,9781250000970
2684,9780060725110
2685,9780061566130
2687,9780316036190
2688,9780553807230
2689,9780152026320
2691,9780060590290
2692,
2693,9780812515280
2694,9781577311960
2695,9780385323280
2697,9780061935080
2698,9780156453810
2700,9781741666700
2701,9780452281420
2702,9780143116230
2703,9782221090730
2704,9781451617730
2705,9780061020000
2706,9780380776830
2707,9780393343440
2709,9780140447640
2710,9780743269260
2711,9780340893610
2712,9780312624680
2713,9780451213040
2714,9780062011990
2715,9780312590990
2716,9780553282990
2718,9780552154220
2719,9781741661290
2720,9780876120840
2721,9780345522500
2722,9780590431970
2723,9780525955090
2724,9780679721030
2725,9780316041450
2726,9780062235660
2727,9780517223120
2728,9780316129080
2729,9780143039970
2730,9780425116840
2731,9780590930020
2732,9780140449100
2733,9780316113660
2734,9780062280670
2735,9780553804800
2736,9780385501120
2737,9780446610220
2738,9780385722210
2739,9780062282710
2740,9780671729480
2741,9780375814260
2742,9781594202840
2743,
2745,9780425204700
2746,9780446619040
2747,
2748,
2749,9788188575700
2750,9780064401490
2751,9780312941920
2752,9780062265420
2754,9780446690450
2755,9781857989340
2756,9780545060480
2757,9780060838740
2758,9780345470580
2759,9780316905720
2760,9781563898590
2761,9780763622600
2762,9780425226930
2763,9780486275480
2764,9781423118240
2765,9780842314300
2766,9780375423800
2767,9781607069320
2768,9780804178750
2770,9780812977360
2772,9781101883080
2773,9780316017700
2774,9780593073900
2775,9780770436420
2776,
2777,9780307594040
2778,9781416913180
2779,
2780,9781741661350
2782,9781563894460
2783,9781416903380
2784,9780307590620
2785,
2786,9780064400590
2787,9780330397800
2788,9781476728740
2789,9780752858560
2790,9781400063250
2791,9780446573050
2792,9780765378550
2793,9780345807950
2794,9780006280900
2795,
2796,9780425244140
2797,9780847826470
2798,9780679724770
2799,9780547959110
2801,9781469984020
2802,9780375814690
2803,9780312662750
2804,9781451651690
2805,9781596437140
2806,9780679781490
2807,9780060572980
2808,9780786942470
2809,9780140274220
2810,9780316296200
2811,9780552148030
2812,9780060288140
2814,9780316134070
2815,9780385525010
2816,9781402784030
2817,9780441102680
2818,9780399252520
2819,9780316081050
2821,9780553213190
2822,9780345476170
2824,9781401340900
2825,9780765310030
2826,9781743342370
2827,9780312997140
2828,9780575082460
2829,9780062309660
2830,9781416505010
2831,9780679444330
2833,9780062206280
2835,9780671047340
2836,9780439829110
2837,9781599951490
2838,9780374346680
2839,
2840,9781101947140
2841,9780393068470
2842,9780446195510
2843,9780785132620
2844,9781401908970
2845,9780061449120
2846,9780321107210
2847,9782877068160
2848,9780316176540
2849,9780525951580
2850,9780373802490
2852,9781569317780
2853,9780553807220
2854,9781842323010
2855,9780399169270
2856,9780778325310
2858,9780425230080
2859,9780425147580
2860,9780156904360
2861,9780142406120
2862,9780425181120
2863,9780451209340
2864,9781844280600
2866,9780062067750
2867,9780446691440
2868,
2869,9780679723060
2870,9780670061100
2871,9780316187750
2872,9781250010700
2873,9780449208140
2874,9780425205750
2875,9780451530170
2876,9780451471480
2877,9780525467270
2878,9780553584530
2879,9780395169610
2880,9780062278780
2881,9780061161640
2882,9781423368990
2883,9780140230280
2884,9781423157520
2885,9780446407410
2887,9780060788380
2889,9780765365440
2890,9780671024090
2891,9780545060490
2892,9780618164420
2893,9780316069410
2894,645573003012
2896,9780545327000
2897,9780743260050
2898,9780380014310
2899,9781451693560
2900,9780765304960
2901,9780425194850
2903,9780385418870
2904,9780765375860
2905,9780385351230
2907,9780399230040
2908,9780062217130
2909,9780545060460
2910,9781840187170
2911,9780515133880
2912,9780684865190
2913,9780345545830
2914,9780670037770
2915,9780062259650
2916,9780062071040
2917,9780618773470
2918,9780758278460
2919,9780061566080
2920,9781416516350
2921,9780060931730
2922,9781401235410
2923,9780060735420
2924,9780451219950
2925,9780345518510
2926,9780060932140
2927,9780440222650
2929,9780061566170
2930,9780060788700
2931,9780486272630
2932,9780316126110
2933,9780375851800
2934,9780061129740
2935,9780439791430
2936,9780380821210
2937,9781563890930
2938,9780060731490
2939,9780553381540
2940,9780842313070
2941,
2942,9780440184620
2943,9780399157230
2944,9780413771160
2946,9780060920430
2947,9781932796780
2948,9781439177810
2949,9780312949810
2950,9781416522910
2951,9780399254830
2952,9780141439620
2953,9781400066410
2954,9780441068810
2955,9780451239360
2956,9781595144520
2957,9780006280840
2958,9780465026560
2960,9780805005010
2961,9780439286060
2962,9780316212820
2963,9780310245650
2964,9781416595200
2965,9780553381660
2966,9781419711330
2967,9780316159420
2968,9780743437320
2969,9780345497510
2970,9781416510570
2971,9780441017030
2972,9781478322310
2973,9780425176080
2974,9780446545240
2975,9780791071690
2976,9780192751070
2977,9780553564920
2978,9781616960930
2979,9781416584090
2980,9780786851710
2982,9780192839000
2983,9781423171030
2984,9780670062270
2985,9780689862210
2986,9780312594430
2987,9781423121330
2988,9781557091550
2989,9780446679080
2990,9780060775970
2991,9780743454510
2992,9780694012980
2993,9781563127880
2994,9780345459210
2996,9780061797030
2997,9781595143200
2998,9780441018530
2999,9781501116970
3000,9780552154160
3001,9780553589380
3002,9780375753730
3003,9780312353260
3004,2940014979630
3005,9781455521210
3006,9780441013680
3007,9781400064660
3008,9780316051590
3009,9780446677480
3010,9781605980930
3011,9780767907810
3013,9780765316970
3014,9780060283280
3015,9781476771430
3016,9780060086240
3017,9781482348740
3019,9780441328090
3020,9781593080300
3021,9780060791570
3022,9780451528190
3023,9780140621330
3024,9780345326490
3025,9780312306340
3026,9781595620160
3027,9781842431290
3029,9780006178740
3030,9781595144330
3031,9781429981930
3032,9781481280760
3033,9780553381350
3035,9780345476980
3036,9780060566680
3037,9780871917720
3038,9781594487570
3039,9780062014560
3040,
3041,9781579124570
3043,9781477808700
3045,9780553536520
3047,9780007158480
3048,9780375706850
3049,9780671227420
3051,9780689878370
3052,9780786839180
3054,9780757910840
3055,9781852864990
3057,9780062208190
3058,9780553588070
3059,9781400062750
3060,9780545060450
3061,9780006280930
3063,9781416949660
3064,9780374239210
3065,9780451205420
3066,9780747266920
3067,9780312364110
3068,9780385334240
3069,9780812975220
3070,9780425213970
3071,9780375705240
3072,9780553565070
3073,9783401063480
3074,9780307700670
3075,9780759529430
3076,9780099478330
3077,9780486223060
3078,9780920236160
3079,9780582461500
3080,9780812966300
3081,
3082,9781563891370
3083,9780061720770
3084,9780375828260
3085,9780374506840
3086,9781563891070
3087,9781620401390
3088,9780141439970
3089,9780142406140
3090,9780739418380
3091,9780375760390
3092,9781400033550
3093,
3094,9780689853490
3095,9781595142720
3096,9780345352670
3097,9780399156570
3098,9780446613380
3099,9780345461630
3101,9780439224060
3102,9780778327400
3103,9780062330260
3104,9780684825360
3105,9780441015830
3106,9780143039020
3107,9781480114490
3108,9780425213380
3109,9780393307050
3110,9780575077360
3111,9780441009430
3112,9780316096160
3113,9780312652910
3114,9781416980060
3115,9781416509880
3116,9781595143980
3117,9781841493150
3118,9780062107310
3119,9780446694860
3120,9780805080520
3121,9780062004020
3122,9780394724550
3123,9780452287080
3124,9780802130300
3125,9780425141240
3126,9780684843320
3127,9780671037700
3128,9780099471370
3129,9780385528760
3131,9780099470470
3132,9780060734080
3134,9780062188500
3135,9780767919400
3136,9780752876820
3137,9781857239010
3138,9780808516960
3139,9780140441760
3140,9780842300520
3141,9780385494240
3142,9780812966010
3143,9780312151260
3144,9780385340560
3145,2940016356940
3146,9781101874080
3147,
3148,9780312289520
3150,
3152,9780553805090
3153,9780743452920
3154,9781741662090
3155,9780525953490
3156,9780375706870
3157,9781741663020
3158,9780345447870
3159,9780307098220
3160,9780312367470
3161,9780525952280
3162,9780316117360
3163,9780316013950
3164,9780803738550
3165,9780061284470
3166,9780345490650
3167,9780743453970
3168,9781423368880
3169,9781599869700
3170,9780765319850
3171,9781400095930
3172,9780062509600
3173,9781476717780
3174,9780765348810
3175,9780553807060
3176,9780451220900
3177,9781416908170
3178,9780765317580
3179,9780439656240
3180,9780374193680
3182,9781857231330
3183,9780373772320
3185,9780983157230
3187,9780743299400
3188,9780345522480
3189,9781416509880
3190,9781416599400
3191,9781632150780
3192,9781476759550
3194,9781400068320
3195,9781594488870
3196,9781558749210
3198,9780446617580
3199,
3200,9780061051590
3201,
3202,9780385333510
3203,9780684847820
3204,9780316043880
3205,9780451822190
3206,9780142401100
3207,9780312347290
3208,9780375708280
3210,9780141184270
3211,9780007233690
3212,9780140432110
3213,9780399153720
3214,9781416595170
3215,9780312362160
3216,9780385413050
3217,9780676977740
3218,9781416953590
3219,9781400031700
3220,9781423113490
3221,9780803733060
3222,9780345511770
3223,9780446613350
3224,
3225,9788173711470
3226,9780062113930
3227,9781594204110
3228,9780399160300
3229,9781579126260
